"treat","mean_growth","median_growth","sd_growth","min_growth","max_growth","mean_rgdp60","median_rgdp60","sd_rgdp60","min_rgdp60","max_rgdp60"
"0 Revolutions",2.45998467098583,2.29328286647797,1.28011058521737,0.417790174484253,6.6528377532959,5283.31828724254,5393.001953125,2439.39296713331,1374,9895.00390625
"More than 0 Revolutions",1.67806600051564,1.915167927742,2.11023321163025,-2.81194448471069,7.1568546295166,1988.6744150561,1258.99987792969,1698.17638131272,366.999938964844,6822.9990234375
